,timestamp,price,mid_price,book_feature,side
0,2018-05-01 01:06:02,10164000,10141500.0,-3688584.0376424007,0
1,2018-05-01 01:06:16,10163000,10141500.0,-3264354.7497739503,1
2,2018-05-01 01:06:20,10163000,10142500.0,-2269666.671678002,1
3,2018-05-01 01:06:24,10162000,10141500.0,-3256448.9747605547,1
4,2018-05-01 01:06:28,10153000,10138500.0,-4061055.630403054,1
5,2018-05-01 01:07:22,10159000,10136500.0,-4023165.032525922,1
6,2018-05-01 01:08:09,10159000,10140500.0,-3023567.7634013435,1
7,2018-05-01 01:19:41,10165000,10153000.0,5262520.459758488,0
8,2018-05-01 01:27:17,10155000,10145500.0,-1858388.8519599754,1
9,2018-05-01 01:27:17,10155000,10145500.0,-1858388.8519599754,1
10,2018-05-01 01:27:22,10153000,10147000.0,-2416598.175231687,1
11,2018-05-01 01:27:22,10153000,10147000.0,-2416598.175231687,1
12,2018-05-01 01:31:10,10151000,10136500.0,-4055656.0976761198,1
13,2018-05-01 01:31:18,10150000,10136500.0,-3872612.361956278,1
14,2018-05-01 01:31:19,10150000,10136500.0,-3799051.871780701,1
15,2018-05-01 01:31:19,10150000,10136500.0,-3799051.871780701,1
16,2018-05-01 01:31:19,10150000,10136500.0,-3799051.871780701,1
17,2018-05-01 01:32:21,10157000,10140500.0,-4201183.070207689,1
18,2018-05-01 01:48:56,10159000,10145500.0,4227008.9086538665,0
19,2018-05-01 01:52:11,10158000,10144000.0,6422211.100864021,0
20,2018-05-01 01:56:39,10159000,10141500.0,-4316108.273020411,1
21,2018-05-01 01:56:39,10159000,10141500.0,-4316108.273020411,1
22,2018-05-01 01:57:13,10159000,10144500.0,-4458221.350645786,1
23,2018-05-01 01:57:13,10159000,10144500.0,-4458221.350645786,1
24,2018-05-01 01:57:44,10168000,10146000.0,-4476021.724775204,1
25,2018-05-01 01:58:49,10169000,10147000.0,-4767306.478409089,1
26,2018-05-01 01:58:49,10169000,10147000.0,-4767306.478409089,1
27,2018-05-01 02:00:30,10158000,10137000.0,-5154843.433419121,1
28,2018-05-01 02:00:31,10158000,10148000.0,-4805072.404359758,1
29,2018-05-01 02:00:34,10167000,10149000.0,-4459640.012465419,1
30,2018-05-01 02:01:00,10158000,10145000.0,-5446753.828578341,1
31,2018-05-01 02:28:32,10190000,10169500.0,4488479.644272437,0
32,2018-05-01 02:30:41,10183000,10160500.0,-391134.072052123,1
33,2018-05-01 03:15:42,10175000,10169000.0,7247598.76000179,0
34,2018-05-01 03:16:45,10169000,10157500.0,5448051.585117418,1
35,2018-05-01 03:20:32,10183000,10167000.0,5125167.204458311,1
36,2018-05-01 03:22:02,10184000,10165000.0,1478553.170718046,1
37,2018-05-01 03:28:58,10191000,10176000.0,-548317.374122858,1
38,2018-05-01 04:05:40,10170000,10155500.0,27305370.976252414,0
39,2018-05-01 04:08:35,10160000,10144000.0,10058654.355660886,1
40,2018-05-01 04:08:45,10152000,10143000.0,19174819.849417746,1
41,2018-05-01 04:08:49,10151000,10141000.0,21382244.444969855,1
42,2018-05-01 04:08:49,10151000,10141000.0,21382244.444969855,1
43,2018-05-01 04:08:49,10151000,10141000.0,21382244.444969855,1
44,2018-05-01 04:13:29,10141000,10123000.0,61457337.71951388,1
45,2018-05-01 04:14:42,10153000,10133000.0,4040723.6503280625,0
46,2018-05-01 04:15:59,10154000,10137000.0,3889905.426005574,1
47,2018-05-01 04:20:00,10155000,10137000.0,4694330.880360173,0
48,2018-05-01 04:21:38,10160000,10144000.0,3858467.205955943,1
49,2018-05-01 04:22:01,10155000,10137000.0,1873316.6231281739,0
50,2018-05-01 04:37:59,10167000,10149000.0,-693934.5613765046,1
51,2018-05-01 04:41:29,10195000,10171000.0,3565032.3686362635,1
52,2018-05-01 04:56:41,10179000,10161000.0,6163763.485605422,0
53,2018-05-01 04:57:27,10193000,10170000.0,6231553.15253187,1
54,2018-05-01 06:40:02,10162000,10150500.0,801566.1902401056,0
55,2018-05-01 06:47:57,10160000,10146000.0,-2924745.185975128,0
56,2018-05-01 06:48:05,10175000,10157000.0,-3106323.3176134666,1
57,2018-05-01 06:50:41,10170000,10157000.0,-1347887.0092294887,0
58,2018-05-01 06:50:41,10172000,10157000.0,-1347887.0092294887,0
59,2018-05-01 06:53:57,10167000,10154500.0,4698979.9642499145,1
60,2018-05-01 06:54:02,10157000,10152000.0,3410181.117580004,1
61,2018-05-01 06:54:02,10158000,10152000.0,3410181.117580004,1
62,2018-05-01 06:54:09,10161000,10151000.0,4052992.1176413167,1
63,2018-05-01 06:55:01,10164000,10149500.0,2078999.8691510614,0
64,2018-05-01 06:57:12,10156000,10151500.0,4425246.652569843,0
65,2018-05-01 06:58:46,10171000,10166000.0,3426783.240987407,1
66,2018-05-01 06:58:47,10171000,10152000.0,3392366.283971321,1
67,2018-05-01 07:00:37,10186000,10171000.0,7652166.607554827,1
68,2018-05-01 07:00:39,10186000,10163000.0,7607784.875429511,1
69,2018-05-01 07:01:33,10171000,10164500.0,-58375.75969851203,1
70,2018-05-01 07:02:57,10206000,10180500.0,-258585.35132176243,1
71,2018-05-01 07:15:27,10228000,10214000.0,17322509.03033606,0
72,2018-05-01 07:16:47,10230000,10215000.0,16384870.41783144,0
73,2018-05-01 07:16:48,10230000,10215000.0,19659996.6625947,0
74,2018-05-01 07:18:12,10224000,10204500.0,31048015.423188955,1
75,2018-05-01 07:18:13,10224000,10201500.0,17235529.27747737,1
76,2018-05-01 07:19:08,10228000,10200000.0,32235054.07876139,1
77,2018-05-01 07:19:16,10221000,10196000.0,27411047.378810413,1
78,2018-05-01 07:19:20,10216000,10192500.0,18720151.405954324,1
79,2018-05-01 07:19:20,10216000,10192500.0,18720151.405954324,1
80,2018-05-01 07:19:21,10216000,10189000.0,17147702.68977124,1
81,2018-05-01 07:53:48,10129000,10143500.0,-1648512.9567641485,0
82,2018-05-01 08:01:38,10134000,10119500.0,-1681211.9334302787,1
83,2018-05-01 08:01:52,10132000,10136500.0,-2592270.414081023,0
84,2018-05-01 08:03:01,10143000,10127000.0,-459997.53713550605,0
85,2018-05-01 08:03:01,10143000,10127000.0,-459997.53713550605,0
86,2018-05-01 08:06:24,10136000,10120000.0,5321395.401456788,1
87,2018-05-01 08:11:35,10115000,10125500.0,-185016.7057201732,1
88,2018-05-01 08:11:35,10115000,10125500.0,-185016.7057201732,1
89,2018-05-01 08:11:35,10115000,10125500.0,-185016.7057201732,1
90,2018-05-01 08:14:51,10123000,10108000.0,-1734500.9315205365,0
91,2018-05-01 08:14:51,10123000,10108000.0,-1734500.9315205365,0
92,2018-05-01 08:14:51,10123000,10108000.0,-1734500.9315205365,0
93,2018-05-01 08:17:35,10141000,10119500.0,5891927.593492718,0
94,2018-05-01 08:17:48,10140000,10120000.0,6037172.698037621,0
95,2018-05-01 08:18:10,10135000,10117000.0,2987625.027804414,0
96,2018-05-01 08:21:56,10120000,10104500.0,-3089211.385703467,0
97,2018-05-01 08:23:15,10129000,10113500.0,-1780222.7849014178,1
98,2018-05-01 08:23:53,10117000,10101000.0,-2862732.321046685,0
99,2018-05-01 08:24:33,10117000,10106000.0,-4276240.134201456,0
100,2018-05-01 08:34:16,10116000,10118500.0,-3092092.166589927,1
101,2018-05-01 08:41:38,10111000,10116000.0,-4885691.002405655,0
102,2018-05-01 08:41:45,10113000,10116000.0,-3327649.1309197983,0
103,2018-05-01 08:46:45,10110000,10119500.0,-3792170.0807865066,1
104,2018-05-01 08:48:32,10110000,10124500.0,-3721719.312594341,0
105,2018-05-01 08:52:40,10102000,10130500.0,-6390992.5547709465,0
106,2018-05-01 08:57:07,10110000,10117500.0,-3657995.432553244,0
107,2018-05-01 09:06:04,10100000,10113000.0,-5220131.690687881,1
108,2018-05-01 09:06:04,10100000,10113000.0,-5220131.690687881,1
109,2018-05-01 09:06:04,10100000,10113000.0,-5220131.690687881,1
110,2018-05-01 09:12:49,10079000,10065000.0,-4556451.820074668,0
111,2018-05-01 09:16:02,10075000,10065500.0,-3306169.2601350844,1
112,2018-05-01 09:16:02,10075000,10065500.0,-3306169.2601350844,1
113,2018-05-01 09:18:57,10060000,10079500.0,-6199477.583717957,1
114,2018-05-01 09:18:57,10060000,10079500.0,-6199477.583717957,1
115,2018-05-01 09:18:57,10060000,10079500.0,-6199477.583717957,1
116,2018-05-01 09:18:57,10060000,10079500.0,-6199477.583717957,1
117,2018-05-01 09:19:47,10054000,10057500.0,-5952424.308325814,0
118,2018-05-01 09:21:04,10039000,10031000.0,10566590.059800345,1
119,2018-05-01 09:21:48,10044000,10032000.0,6081105.927179877,0
120,2018-05-01 09:22:42,10037000,10027500.0,7342859.07970316,0
121,2018-05-01 09:23:22,10010000,10027500.0,806016.3775147963,1
122,2018-05-01 09:24:15,10021000,10015000.0,3089494.842663653,0
123,2018-05-01 09:25:20,10018000,10024500.0,-410540.08132005483,1
124,2018-05-01 09:26:37,10006000,10029500.0,-3877005.5992216244,0
125,2018-05-01 09:28:33,10036000,10041000.0,8964320.721388623,0
126,2018-05-01 09:28:34,10036000,10042500.0,9350933.036137935,0
127,2018-05-01 09:28:45,10029000,10041500.0,5838940.227484316,1
128,2018-05-01 09:28:50,10030000,10041500.0,4782564.87998368,1
129,2018-05-01 09:42:42,9922000,9915000.0,2195677.386591384,0
130,2018-05-01 09:43:24,9916000,9934000.0,-1141634.7652315628,1
131,2018-05-01 09:48:34,9974000,9951500.0,966110.1994668096,0
132,2018-05-01 09:48:39,9974000,9947500.0,-1165936.0542621724,0
133,2018-05-01 09:48:39,9974000,9947500.0,-1165936.0542621724,0
134,2018-05-01 09:48:57,9983000,9954500.0,737279.1123647112,0
135,2018-05-01 09:49:18,9995000,9963000.0,159358.83641679026,1
136,2018-05-01 09:51:41,9960000,9943000.0,4702565.492842261,0
137,2018-05-01 09:51:44,9970000,9943000.0,4328751.647678008,1
138,2018-05-01 09:52:11,9960000,9940500.0,3722215.58384729,0
139,2018-05-01 09:52:28,9969000,9950000.0,3595675.663223041,1
140,2018-05-01 09:52:29,9969000,9949500.0,3461047.6348653715,1
141,2018-05-01 09:53:11,9953000,9937000.0,5431907.306026705,0
142,2018-05-01 09:55:32,9937000,9920500.0,8431080.097329754,1
143,2018-05-01 09:55:43,9914000,9951500.0,2001650.034916995,1
144,2018-05-01 09:57:00,9901000,9956500.0,570706.001196241,0
145,2018-05-01 09:57:33,9900000,9903500.0,7542365.127262596,1
146,2018-05-01 10:00:40,9913000,9894500.0,-268642.41290172003,1
147,2018-05-01 10:01:56,9931000,9915000.0,1414355.785273064,0
148,2018-05-01 10:02:43,9923000,9898000.0,741709.3658418022,1
149,2018-05-01 10:04:55,9910000,9895500.0,-2775739.4878063966,0
150,2018-05-01 10:04:59,9912000,9899000.0,-2262192.6700835247,0
151,2018-05-01 10:09:54,9945000,9924500.0,4863201.776017897,1
152,2018-05-01 10:11:00,9946000,9930000.0,5317351.382293684,1
153,2018-05-01 10:11:56,9944000,9922000.0,4619205.393330023,1
154,2018-05-01 10:11:56,9944000,9922000.0,4619205.393330023,1
155,2018-05-01 10:12:33,9933000,9916000.0,8575697.890231252,1
156,2018-05-01 10:12:43,9938000,9914000.0,10995246.560900811,1
157,2018-05-01 10:12:52,9924000,9911500.0,3357766.3441763204,1
158,2018-05-01 10:13:08,9914000,9907500.0,10009619.517325502,0
159,2018-05-01 10:13:54,9910000,9906000.0,10720906.02515015,1
160,2018-05-01 10:14:24,9899000,9888500.0,-488615.37713780813,1
161,2018-05-01 10:16:58,9881000,9902500.0,-3331376.406148957,1
162,2018-05-01 10:16:58,9881000,9902500.0,-3331376.406148957,1
163,2018-05-01 10:22:21,9816000,9826500.0,-3232600.6544970106,0
164,2018-05-01 10:22:23,9827000,9826500.0,-3265765.323162351,0
165,2018-05-01 10:22:43,9849000,9828500.0,-138330.865491163,0
166,2018-05-01 10:22:55,9863000,9840500.0,-2781871.515416625,1
167,2018-05-01 10:23:14,9847000,9830000.0,-893449.8975560702,0
168,2018-05-01 10:24:33,9870000,9840500.0,3361867.436052421,0
169,2018-05-01 10:24:33,9870000,9840500.0,3361867.436052421,0
170,2018-05-01 10:24:39,9869000,9842000.0,6755415.985724531,0
171,2018-05-01 10:24:44,9861000,9845500.0,13745225.273691066,0
172,2018-05-01 10:25:57,9840000,9827000.0,3429535.038783485,1
173,2018-05-01 10:26:28,9855000,9838500.0,1388762.9172011167,1
174,2018-05-01 10:26:34,9855000,9835500.0,1281917.3989685662,1
175,2018-05-01 10:26:38,9856000,9838000.0,967951.3997490443,1
176,2018-05-01 10:27:01,9858000,9833500.0,-231285.3024178557,1
177,2018-05-01 10:30:13,9882000,9869500.0,928084.881952377,1
178,2018-05-01 10:31:57,9919000,9893000.0,7638699.267422307,1
179,2018-05-01 10:32:06,9906000,9892500.0,6836121.699497959,1
180,2018-05-01 10:40:44,9885000,9867000.0,688721.838688679,0
181,2018-05-01 10:40:51,9885000,9869500.0,-666578.8637228068,0
182,2018-05-01 10:40:51,9885000,9869500.0,-666578.8637228068,0
183,2018-05-01 10:41:07,9882000,9878500.0,-30362.109629457816,0
184,2018-05-01 10:42:28,9882000,9871500.0,2710278.621607717,1
185,2018-05-01 10:43:06,9886000,9872500.0,2422069.962435879,1
186,2018-05-01 10:43:12,9882000,9872000.0,2576520.0867967065,1
187,2018-05-01 10:43:55,9886000,9865500.0,907488.4047924913,1
188,2018-05-01 10:48:04,9878000,9869000.0,-1216703.4695478622,0
189,2018-05-01 10:49:38,9886000,9873000.0,10690168.704174057,1
190,2018-05-01 10:53:55,9862000,9851000.0,3730550.798508972,0
191,2018-05-01 10:54:14,9873000,9851000.0,1713626.5043827798,0
192,2018-05-01 10:57:40,9875000,9863500.0,-3032395.1998057757,1
193,2018-05-01 10:57:45,9875000,9863500.0,-3871228.7590787252,1
194,2018-05-01 11:00:47,9881000,9870000.0,-282751.7759033069,0
195,2018-05-01 11:00:56,9892000,9873000.0,2753995.6685392912,0
196,2018-05-01 11:01:24,9893000,9873500.0,5675845.636195488,0
197,2018-05-01 11:01:24,9893000,9873500.0,5675845.636195488,0
198,2018-05-01 11:01:30,9900000,9878500.0,5466696.939674504,0
199,2018-05-01 11:01:36,9903000,9882000.0,5082394.0054687355,0
200,2018-05-01 11:01:46,9903000,9906500.0,-459771.52323221974,0
201,2018-05-01 11:01:50,9905000,9884000.0,-383088.9057605248,0
202,2018-05-01 11:01:50,9905000,9884000.0,-383088.9057605248,0
203,2018-05-01 11:02:02,9905000,9904500.0,-49343.872991748154,0
204,2018-05-01 11:09:05,9867000,9855000.0,-3304206.382721712,1
205,2018-05-01 11:09:05,9867000,9855000.0,-3304206.382721712,1
206,2018-05-01 11:09:40,9863000,9854000.0,-599337.3375757523,0
207,2018-05-01 11:10:26,9868000,9855000.0,-848227.6191870775,0
208,2018-05-01 11:10:30,9868000,9854000.0,-735790.6920093577,0
209,2018-05-01 11:10:34,9873000,9858000.0,-1570501.7027775077,0
210,2018-05-01 11:10:34,9873000,9858000.0,-1570501.7027775077,0
211,2018-05-01 11:10:35,9873000,9857500.0,-1469852.9622798003,0
212,2018-05-01 11:24:40,9845000,9835000.0,3466023.644927906,1
213,2018-05-01 11:24:43,9845000,9833500.0,4536759.557518998,1
214,2018-05-01 11:24:44,9844000,9834500.0,4666748.932033259,1
215,2018-05-01 11:24:44,9844000,9834500.0,4666748.932033259,1
216,2018-05-01 11:24:47,9842000,9831000.0,8439726.761764027,1
217,2018-05-01 11:25:31,9840000,9828000.0,9746797.350418821,0
218,2018-05-01 11:26:00,9855000,9838500.0,18107999.213297807,0
219,2018-05-01 11:26:36,9862000,9841500.0,13183749.544148121,1
220,2018-05-01 11:28:02,9849000,9833000.0,2170159.9129824433,0
221,2018-05-01 11:28:06,9843000,9830000.0,2540639.7446699142,0
222,2018-05-01 11:28:30,9847000,9837000.0,5112281.80457337,1
223,2018-05-01 11:28:51,9844000,9830500.0,7762316.012633283,0
224,2018-05-01 11:28:57,9845000,9834000.0,12703340.760028385,0
225,2018-05-01 11:28:57,9847000,9834000.0,12703340.760028385,0
226,2018-05-01 11:29:11,9841000,9828500.0,11770181.256306909,0
227,2018-05-01 11:29:46,9851000,9835500.0,7054299.464962523,0
228,2018-05-01 11:33:47,9871000,9851000.0,5650391.317063972,1
229,2018-05-01 11:36:03,9872000,9853000.0,-3264153.8391646137,0
230,2018-05-01 11:36:50,9877000,9858000.0,-3399922.1620283993,0
231,2018-05-01 11:39:38,9881000,9862500.0,-1086193.6895168684,1
232,2018-05-01 11:41:56,9859000,9844500.0,-2989970.952786308,0
233,2018-05-01 11:42:00,9862000,9846500.0,-3585714.8901761137,0
234,2018-05-01 11:42:09,9862000,9845500.0,-3670792.1708676573,0
235,2018-05-01 11:43:23,9860000,9847000.0,6773859.435614783,1
236,2018-05-01 11:43:23,9860000,9847000.0,6773859.435614783,1
237,2018-05-01 11:46:44,9867000,9853000.0,2136348.5825295616,1
238,2018-05-01 11:47:29,9865000,9853500.0,1711048.6127379555,1
239,2018-05-01 11:48:25,9862000,9852500.0,1143724.714702282,1
240,2018-05-01 11:48:29,9861000,9851000.0,1228725.4110596087,1
241,2018-05-01 11:48:39,9860000,9853000.0,844372.5068011452,0
242,2018-05-01 11:49:14,9853000,9839000.0,-1038636.7778886389,0
243,2018-05-01 11:50:00,9874000,9854500.0,5417.816905030981,1
244,2018-05-01 11:51:19,9872000,9858000.0,-3558189.0246060053,0
245,2018-05-01 11:51:23,9872000,9854000.0,-3724417.5510248607,0
246,2018-05-01 11:51:23,9872000,9854000.0,-3724417.5510248607,0
247,2018-05-01 11:55:20,9894000,9880500.0,5935114.489703262,1
248,2018-05-01 11:59:20,9906000,9894000.0,18531953.18815712,1
249,2018-05-01 11:59:35,9888000,9888500.0,52883517.56080424,1
250,2018-05-01 12:00:04,9898000,9877000.0,7523112.183107439,1
251,2018-05-01 12:00:08,9883000,9874500.0,7269119.628129996,1
252,2018-05-01 12:00:08,9882000,9874500.0,7269119.628129996,1
253,2018-05-01 12:01:12,9873000,9859500.0,1157740.2844501827,1
254,2018-05-01 12:01:43,9867000,9856000.0,3284703.7730637323,1
255,2018-05-01 12:02:12,9861000,9853500.0,3249378.039220568,0
256,2018-05-01 12:02:52,9854000,9861000.0,5105120.749800289,0
257,2018-05-01 12:03:31,9853000,9852500.0,352772.38614829816,0
258,2018-05-01 12:03:47,9858000,9859500.0,564565.3790917471,0
259,2018-05-01 12:22:30,9833000,9822000.0,7433568.032602664,1
260,2018-05-01 12:23:31,9821000,9813500.0,5254917.841565959,1
261,2018-05-01 12:28:11,9792000,9781500.0,7258185.0606009215,0
262,2018-05-01 12:41:57,9780000,9770500.0,3428335.087622782,1
263,2018-05-01 12:41:57,9780000,9770500.0,3428335.087622782,1
264,2018-05-01 12:41:57,9780000,9770500.0,3428335.087622782,1
265,2018-05-01 12:41:57,9780000,9770500.0,3428335.087622782,1
266,2018-05-01 12:41:57,9780000,9770500.0,3428335.087622782,1
267,2018-05-01 12:41:58,9780000,9773000.0,3889221.4312507864,1
268,2018-05-01 12:41:58,9780000,9773000.0,3889221.4312507864,1
269,2018-05-01 12:44:14,9786000,9798500.0,-46259.766443155706,1
270,2018-05-01 12:46:06,9784000,9800500.0,-996543.2746653724,1
271,2018-05-01 12:49:56,9760000,9779500.0,796536.3814319652,1
272,2018-05-01 12:49:57,9760000,9779500.0,387931.6150502637,1
273,2018-05-01 12:57:36,9799000,9772000.0,-89382.21513614245,1
274,2018-05-01 13:03:11,9823000,9799000.0,1790542.440310184,1
275,2018-05-01 13:23:17,9818000,9803500.0,7901257.294871822,0
276,2018-05-01 13:23:21,9848000,9823500.0,10152126.80474785,1
277,2018-05-01 13:23:37,9848000,9820500.0,10419274.546571873,1
278,2018-05-01 13:24:40,9848000,9824500.0,11785728.860574178,1
279,2018-05-01 13:24:49,9848000,9825000.0,12760987.762780458,1
280,2018-05-01 13:25:02,9850000,9826000.0,20259174.801962316,1
281,2018-05-01 13:25:02,9850000,9826000.0,20259174.801962316,1
282,2018-05-01 13:25:48,9850000,9830000.0,21258454.363630705,1
283,2018-05-01 14:03:48,9833000,9819000.0,9978720.491757587,0
284,2018-05-01 14:12:34,9834000,9817500.0,-272166.7596696969,0
285,2018-05-01 14:15:26,9846000,9831500.0,-4645273.864757049,1
286,2018-05-01 14:17:38,9844000,9823000.0,-1499532.8336582398,0
287,2018-05-01 14:24:26,9868000,9844000.0,-176030.71126765385,1
288,2018-05-01 14:27:47,9851000,9831000.0,433529.1955846846,1
289,2018-05-01 14:27:58,9845000,9830500.0,196834.24994030222,1
290,2018-05-01 14:36:13,9804000,9787000.0,5444834.099605627,0
291,2018-05-01 14:40:46,9843000,9821000.0,-56803.99432120472,0
292,2018-05-01 14:40:46,9843000,9821000.0,-56803.99432120472,0
293,2018-05-01 14:41:43,9850000,9824000.0,4473900.811982568,1
294,2018-05-01 14:51:47,9816000,9802500.0,-5430490.477599931,0
295,2018-05-01 14:53:14,9830000,9812500.0,-4376287.174918046,0
296,2018-05-01 14:54:47,9842000,9824000.0,-4030217.702030123,1
297,2018-05-01 15:47:26,9904000,9888500.0,19532903.510231286,0
298,2018-05-01 15:47:26,9904000,9888500.0,19532903.510231286,0
299,2018-05-01 15:47:26,9904000,9888500.0,19532903.510231286,0
300,2018-05-01 15:47:29,9905000,9888000.0,17996945.585130863,0
301,2018-05-01 15:47:29,9905000,9888000.0,17996945.585130863,0
302,2018-05-01 15:47:29,9905000,9888000.0,17996945.585130863,0
303,2018-05-01 15:47:33,9907000,9889500.0,17562285.532504063,0
304,2018-05-01 15:47:33,9907000,9889500.0,17562285.532504063,0
305,2018-05-01 15:49:27,9902000,9889500.0,13896836.10402928,1
306,2018-05-01 15:58:20,9898000,9885000.0,14110057.965722404,0
307,2018-05-01 15:58:33,9899000,9887500.0,15909387.215229325,0
308,2018-05-01 16:01:31,9898000,9889500.0,17004522.093977466,0
309,2018-05-01 16:01:35,9899000,9890500.0,20976255.08223324,0
310,2018-05-01 16:03:06,9909000,9896500.0,5699645.251226453,0
311,2018-05-01 16:04:48,9916000,9906000.0,-192759.61880316958,1
312,2018-05-01 16:08:06,9910000,9901000.0,1192841.591016179,1
313,2018-05-01 16:12:08,9903000,9899000.0,10983123.21191192,0
314,2018-05-01 16:17:51,9904000,9896500.0,4964650.387320237,1
315,2018-05-01 16:19:36,9915000,9903000.0,1210455.9994881134,0
316,2018-05-01 16:24:44,9913000,9905000.0,11808197.392756764,1
317,2018-05-01 16:24:44,9913000,9905000.0,11808197.392756764,1
318,2018-05-01 16:26:25,9919000,9907500.0,1990027.9649356753,0
319,2018-05-01 16:30:04,9942000,9929500.0,5157845.752134629,1
320,2018-05-01 16:30:05,9942000,9929500.0,5279791.253265483,1
321,2018-05-01 16:30:18,9943000,9926500.0,5685870.421771629,1
322,2018-05-01 16:31:38,9950000,9935500.0,5559634.206435058,1
323,2018-05-01 16:32:05,9946000,9935500.0,3910034.9381077327,1
324,2018-05-01 16:34:19,9953000,9936500.0,7252453.712859105,1
325,2018-05-01 16:34:23,9953000,9937000.0,7167896.25591334,1
326,2018-05-01 16:34:31,9955000,9938500.0,7866612.206441414,1
327,2018-05-01 16:34:31,9955000,9938500.0,7866612.206441414,1
328,2018-05-01 16:34:35,9957000,9938000.0,7529328.086702794,1
329,2018-05-01 16:45:08,9930000,9915500.0,1558450.1038906407,0
330,2018-05-01 16:48:47,9926000,9913000.0,4977404.359201806,0
331,2018-05-01 16:50:11,9926000,9913000.0,3679750.760540152,0
332,2018-05-01 16:52:14,9932000,9919500.0,1303103.305820359,1
333,2018-05-01 16:52:15,9932000,9919500.0,1264284.376183156,1
334,2018-05-01 16:58:08,9945000,9927500.0,-1175517.5419554394,0
335,2018-05-01 17:08:31,9964000,9949500.0,19578215.728557643,1
336,2018-05-01 17:08:31,9964000,9949500.0,19578215.728557643,1
337,2018-05-01 17:08:31,9964000,9949500.0,19578215.728557643,1
338,2018-05-01 17:08:31,9964000,9949500.0,19578215.728557643,1
339,2018-05-01 17:09:36,9959000,9945500.0,855980.6209932789,1
340,2018-05-01 17:09:36,9959000,9945500.0,855980.6209932789,1
341,2018-05-01 17:09:36,9959000,9945500.0,855980.6209932789,1
342,2018-05-01 17:10:58,9965000,9951500.0,29056725.461050563,1
343,2018-05-01 17:17:53,9963000,9952000.0,9208277.654944282,0
344,2018-05-01 17:19:41,9967000,9958500.0,3492251.3926845156,1
345,2018-05-01 17:25:54,9981000,9966000.0,3525592.5530372355,0
346,2018-05-01 17:28:06,9978000,9965000.0,20923605.462708488,0
347,2018-05-01 17:29:18,9971000,9965000.0,13104088.38416306,1
348,2018-05-01 17:44:13,9977000,9963000.0,3624975.4791450854,0
349,2018-05-01 17:44:27,9985000,9968500.0,9664931.33390186,0
350,2018-05-01 17:44:27,9985000,9968500.0,9664931.33390186,0
351,2018-05-01 17:45:01,9980000,9970000.0,6576980.810374793,1
352,2018-05-01 17:46:22,9962000,9948500.0,4093969.371185692,0
353,2018-05-01 17:47:22,9966000,9950000.0,7361290.088252224,0
354,2018-05-01 17:52:46,9990000,9968500.0,12201095.001341399,1
355,2018-05-01 17:54:53,9955000,9951000.0,-5014822.5642337315,0
356,2018-05-01 17:55:31,9955000,9951500.0,-5103170.560794849,0
357,2018-05-01 17:56:16,9960000,9950500.0,-5374874.85645175,1
358,2018-05-01 17:57:19,9956000,9944500.0,-5215977.862844897,0
359,2018-05-01 17:57:26,9955000,9944000.0,-5100308.36047508,0
360,2018-05-01 17:57:51,9957000,9944000.0,-3104814.9287503874,1
361,2018-05-01 17:59:49,9948000,9934500.0,453366.1536191907,1
362,2018-05-01 18:00:47,9945000,9932000.0,-683829.5290513169,0
363,2018-05-01 18:01:48,9944000,9938000.0,-1600245.1000813618,1
364,2018-05-01 18:12:30,9963000,9948500.0,7753959.868401855,1
365,2018-05-01 18:12:39,9969000,9949000.0,7371009.354746949,1
366,2018-05-01 18:14:01,9952000,9944500.0,10121719.64507927,1
367,2018-05-01 18:15:21,9945000,9935500.0,4512505.464830065,1
368,2018-05-01 18:18:05,9939000,9947500.0,2153580.248312339,1
369,2018-05-01 18:20:22,9929000,9908000.0,5862056.407682506,1
370,2018-05-01 18:23:00,9947000,9921000.0,1673138.806616541,1
371,2018-05-01 18:23:07,9932000,9911500.0,5404875.922640074,0
372,2018-05-01 18:23:11,9947000,9921000.0,1898523.5902240817,1
373,2018-05-01 18:24:55,9958000,9946000.0,-1632261.884367668,0
374,2018-05-01 18:25:28,9988000,9959500.0,-1227941.4833090007,1
375,2018-05-01 18:27:13,9962000,9939500.0,-2763347.023479175,0
376,2018-05-01 18:27:20,9982000,9957500.0,-2643495.930691845,1
377,2018-05-01 18:42:12,10001000,9987500.0,17051873.41665497,0
378,2018-05-01 18:42:12,10001000,9987500.0,17051873.41665497,0
379,2018-05-01 18:42:12,10001000,9987500.0,17051873.41665497,0
380,2018-05-01 18:42:15,10002000,9988000.0,9612187.73949306,0
381,2018-05-01 18:43:29,10019000,9991000.0,-515534.1066190358,1
382,2018-05-01 18:57:01,9971000,9943000.0,3419724.1070171148,0
383,2018-05-01 19:00:00,9980000,9958500.0,2443794.598203283,0
384,2018-05-01 19:00:26,9988000,9966500.0,7736696.117198881,0
385,2018-05-01 19:01:03,9991000,9975500.0,11533143.806166682,0
386,2018-05-01 19:01:51,9989000,9973000.0,10141684.807212621,1
387,2018-05-01 19:02:10,9984000,9965000.0,4602239.826623553,0
388,2018-05-01 19:05:24,9978000,9952000.0,3031835.40970983,1
389,2018-05-01 19:06:19,9974000,9953000.0,4340932.93964936,1
390,2018-05-01 19:10:22,9965000,9947500.0,-1996507.0203705737,0
391,2018-05-01 19:10:35,9968000,9952500.0,-1063051.80436204,0
392,2018-05-01 19:10:42,9970000,9953500.0,-622536.1933001857,0
393,2018-05-01 19:11:36,9964000,9939000.0,646278.2701304946,1
394,2018-05-01 19:11:53,9958000,9940000.0,-2149294.3351655873,1
395,2018-05-01 19:27:54,9940000,9928500.0,19920703.111366697,1
396,2018-05-01 19:27:55,9940000,9928500.0,22367298.352260273,1
397,2018-05-01 19:27:55,9940000,9928500.0,22367298.352260273,1
398,2018-05-01 19:27:55,9940000,9928500.0,22367298.352260273,1
399,2018-05-01 19:28:03,9936000,9924500.0,6447039.7774956785,1
400,2018-05-01 19:28:03,9936000,9924500.0,6447039.7774956785,1
401,2018-05-01 19:28:12,9930000,9916500.0,-796065.2033638246,1
402,2018-05-01 19:28:12,9930000,9916500.0,-796065.2033638246,1
403,2018-05-01 19:28:20,9925000,9952000.0,-3886459.1367949666,1
404,2018-05-01 19:32:39,9950000,9933500.0,1890331.9740262292,0
405,2018-05-01 19:34:19,9958000,9946000.0,3972631.00045627,1
406,2018-05-01 19:35:51,9963000,9944000.0,5459219.897886792,0
407,2018-05-01 19:37:03,9969000,9944500.0,9790315.112318132,1
408,2018-05-01 19:37:32,9962000,9941500.0,4792207.782563159,1
409,2018-05-01 19:39:17,9950000,9932500.0,5823341.438139629,0
410,2018-05-01 19:42:34,9957000,9938000.0,7331069.440748915,1
411,2018-05-01 19:42:38,9954000,9937000.0,7769034.101294253,1
412,2018-05-01 19:59:58,9977000,9962000.0,8226734.187769555,0
413,2018-05-01 20:01:14,9993000,9972000.0,14997389.277150176,1
414,2018-05-01 20:14:36,9970000,9952000.0,3288883.774532791,0
415,2018-05-01 20:14:49,9980000,9962500.0,3040145.7843192182,0
416,2018-05-01 20:14:49,9980000,9962500.0,3040145.7843192182,0
417,2018-05-01 20:15:19,9987000,9965500.0,2271321.839906549,1
418,2018-05-01 20:26:34,9965000,9948000.0,8242833.910061594,1
419,2018-05-01 20:26:34,9965000,9948000.0,8242833.910061594,1
420,2018-05-01 20:27:16,9958000,9938500.0,15220864.173884932,1
421,2018-05-01 20:32:15,9945000,9932500.0,7452238.049783342,1
422,2018-05-01 20:45:54,9938000,9927000.0,3148238.0898037683,0
423,2018-05-01 20:46:02,9940000,9928000.0,2147315.696316939,0
424,2018-05-01 20:46:02,9940000,9928000.0,2147315.696316939,0
425,2018-05-01 20:46:02,9940000,9928000.0,2147315.696316939,0
426,2018-05-01 20:46:02,9940000,9928000.0,2147315.696316939,0
427,2018-05-01 20:46:02,9940000,9928000.0,2147315.696316939,0
428,2018-05-01 20:46:02,9940000,9928000.0,2147315.696316939,0
429,2018-05-01 20:46:05,9946000,9931500.0,4509628.260572597,0
430,2018-05-01 20:49:59,9929000,9938000.0,3600603.9502517283,1
431,2018-05-01 20:50:15,9929000,9918000.0,3856455.2147211004,1
432,2018-05-01 20:50:49,9906000,9904500.0,337471.5613536481,1
433,2018-05-01 20:55:56,9902000,9912500.0,5553021.757343173,1
434,2018-05-01 20:56:04,9900000,9909500.0,6240409.505993066,1
435,2018-05-01 20:56:04,9900000,9909500.0,6240409.505993066,1
436,2018-05-01 20:56:04,9900000,9909500.0,6240409.505993066,1
437,2018-05-01 20:58:14,9867000,9854000.0,10533107.068304073,0
438,2018-05-01 20:59:38,9878000,9859500.0,14495988.638759635,0
439,2018-05-01 21:00:37,9874000,9860000.0,13287927.007508159,0
440,2018-05-01 21:04:31,9876000,9860000.0,6875758.582035389,0
441,2018-05-01 21:23:50,9833000,9819500.0,-864876.7137682997,1
442,2018-05-01 21:26:54,9845000,9824500.0,-4047987.2488583336,1
443,2018-05-01 21:28:40,9800000,9797500.0,34762339.676318854,1
444,2018-05-01 21:28:40,9800000,9797500.0,34762339.676318854,1
445,2018-05-01 21:28:40,9800000,9797500.0,34762339.676318854,1
446,2018-05-01 21:28:41,9800000,9795500.0,15862804.123719446,1
447,2018-05-01 21:28:43,9799000,9795000.0,15972664.925347079,1
448,2018-05-01 21:28:47,9800000,9796500.0,112620934.64839078,1
449,2018-05-01 21:28:47,9800000,9796500.0,112620934.64839078,1
450,2018-05-01 21:29:49,9819000,9805000.0,38005427.15524465,0
451,2018-05-01 21:31:46,9806000,9786000.0,53699778.61590515,1
452,2018-05-01 21:31:50,9799000,9783000.0,58516915.337451324,1
453,2018-05-01 21:32:09,9796000,9788500.0,9065686.224024616,1
454,2018-05-01 21:32:17,9789000,9773500.0,33129142.024806835,1
455,2018-05-01 21:32:48,9780000,9765000.0,7384618.803647209,0
456,2018-05-01 21:35:53,9761000,9743500.0,1589620.9035540316,1
457,2018-05-01 21:35:54,9761000,9743000.0,1054485.5757997148,1
458,2018-05-01 21:35:54,9761000,9743000.0,1054485.5757997148,1
459,2018-05-01 21:39:26,9773000,9759000.0,1446514.6429319177,1
460,2018-05-01 21:41:35,9785000,9763500.0,-3817862.4019864025,0
461,2018-05-01 21:59:54,9831000,9815000.0,-2539805.5902673984,1
462,2018-05-01 22:02:10,9822000,9804500.0,891229.1557082906,1
463,2018-05-01 22:06:47,9842000,9823000.0,9252087.39549217,1
464,2018-05-01 22:15:00,9844000,9822500.0,-1368336.4395897686,1
465,2018-05-01 22:15:31,9843000,9821000.0,-623535.5346303545,1
466,2018-05-01 22:15:32,9843000,9822500.0,-1125411.8991217278,1
467,2018-05-01 22:15:57,9833000,9815000.0,-1033984.5136308447,1
468,2018-05-01 22:16:26,9828000,9813000.0,-2187267.6707848813,1
469,2018-05-01 22:16:35,9827000,9813000.0,-2059565.5311134672,1
470,2018-05-01 22:17:55,9824000,9812000.0,339933.19413133897,1
471,2018-05-01 22:18:33,9822000,9809000.0,2600051.989023797,1
472,2018-05-01 22:18:33,9822000,9809000.0,2600051.989023797,1
473,2018-05-01 22:26:04,9853000,9834500.0,-1271558.6568631511,0
474,2018-05-01 22:26:04,9853000,9834500.0,-1271558.6568631511,0
475,2018-05-01 22:26:04,9853000,9834500.0,-1271558.6568631511,0
476,2018-05-01 22:27:22,9853000,9835000.0,-662853.2626344152,0
477,2018-05-01 22:27:29,9856000,9839000.0,-2488677.8120809207,0
478,2018-05-01 22:27:35,9856000,9839500.0,-2640787.8584975125,0
479,2018-05-01 22:27:35,9856000,9839500.0,-2640787.8584975125,0
480,2018-05-01 22:30:25,9859000,9841500.0,470424.2561232131,1
481,2018-05-01 22:32:19,9847000,9833000.0,3411703.8231779896,1
482,2018-05-01 22:35:29,9848000,9835000.0,5867002.778964726,1
483,2018-05-01 22:37:54,9840000,9830500.0,5452779.656515596,1
484,2018-05-01 22:38:18,9842000,9827500.0,14178552.785439432,1
485,2018-05-01 22:38:47,9839000,9828000.0,931913.683333667,1
486,2018-05-01 22:39:01,9836000,9823000.0,1157100.4178099912,1
487,2018-05-01 22:39:01,9836000,9823000.0,1157100.4178099912,1
488,2018-05-01 22:39:01,9836000,9823000.0,1157100.4178099912,1
489,2018-05-01 22:39:41,9842000,9826500.0,792343.6872096509,1
490,2018-05-01 22:41:43,9845000,9834500.0,-1375587.915906256,1
491,2018-05-01 22:45:24,9849000,9837500.0,-1958516.9966777945,1
492,2018-05-01 22:45:31,9852000,9842500.0,-2198408.0273273503,1
493,2018-05-01 22:59:47,9840000,9831500.0,11676738.406789377,0
494,2018-05-01 23:03:26,9860000,9845000.0,1483829.8363325298,1
495,2018-05-01 23:27:04,9847000,9836500.0,13004184.392073084,0
496,2018-05-01 23:33:12,9828000,9817000.0,12828244.83632642,1
497,2018-05-01 23:33:23,9825000,9811000.0,3521670.649173012,1
498,2018-05-01 23:33:28,9825000,9807500.0,3140252.8145496342,1
499,2018-05-01 23:34:19,9825000,9806000.0,-1903742.479035154,1
500,2018-05-01 23:34:19,9825000,9806000.0,-1903742.479035154,1
501,2018-05-01 23:34:19,9825000,9806000.0,-1903742.479035154,1
502,2018-05-01 23:34:40,9826000,9808000.0,-284679.49890570715,0
503,2018-05-01 23:55:26,9864000,9849500.0,2204433.027079789,1
504,2018-05-01 23:59:28,9850000,9833500.0,1927143.0134624578,1
505,2018-05-02 00:07:06,9879000,9857000.0,25622837.85178054,1
506,2018-05-02 00:07:40,9867000,9849000.0,13949409.885222927,1
507,2018-05-02 00:07:45,9866000,9848500.0,14501258.047431663,1
508,2018-05-02 00:07:45,9866000,9848500.0,14501258.047431663,1
509,2018-05-02 00:07:52,9883000,9851500.0,14993058.124636162,1
510,2018-05-02 00:14:15,9860000,9841500.0,6527958.681641426,1
511,2018-05-02 00:14:15,9860000,9841500.0,6527958.681641426,1
512,2018-05-02 00:18:29,9847000,9830000.0,1486492.3671392463,1
513,2018-05-02 00:19:09,9848000,9833000.0,18848556.479140095,0
514,2018-05-02 00:39:41,9854000,9834500.0,-1276301.4604093488,1
515,2018-05-02 00:41:02,9845000,9834500.0,851119.8650373053,1
516,2018-05-02 00:53:53,9842000,9828000.0,-742827.0786363762,0
517,2018-05-02 00:53:58,9843000,9829000.0,-657865.4469678514,0
518,2018-05-02 00:56:12,9836000,9825500.0,1361613.5856346935,1
519,2018-05-02 01:10:54,9861000,9847500.0,945832.2221006025,1
520,2018-05-02 01:11:00,9857000,9846500.0,1220055.2199644856,1
521,2018-05-02 01:15:16,9864000,9851500.0,6905499.786112823,0
522,2018-05-02 01:15:16,9864000,9851500.0,6905499.786112823,0
523,2018-05-02 01:15:16,9864000,9851500.0,6905499.786112823,0
524,2018-05-02 01:15:16,9864000,9851500.0,6905499.786112823,0
525,2018-05-02 01:15:16,9864000,9851500.0,6905499.786112823,0
526,2018-05-02 01:17:09,9867000,9853000.0,3526419.488704715,1
527,2018-05-02 01:29:48,9852000,9843000.0,-1416898.7228194363,0
528,2018-05-02 01:36:00,9880000,9854000.0,4426791.919235172,1
529,2018-05-02 01:38:38,9883000,9859000.0,17145214.328715228,0
530,2018-05-02 01:38:51,9900000,9872000.0,25283029.9787065,0
531,2018-05-02 01:38:51,9900000,9872000.0,25283029.9787065,0
532,2018-05-02 01:38:51,9900000,9872000.0,25283029.9787065,0
533,2018-05-02 01:38:51,9899000,9872000.0,25283029.9787065,0
534,2018-05-02 01:38:51,9900000,9872000.0,25283029.9787065,0
535,2018-05-02 01:38:52,9900000,9873500.0,14312273.796752784,0
536,2018-05-02 01:38:55,9900000,9873000.0,10090159.457106646,0
537,2018-05-02 01:41:15,9892000,9876000.0,12228008.931602586,1
538,2018-05-02 01:41:25,9890000,9870500.0,10446313.209962282,1
539,2018-05-02 01:41:34,9882000,9863000.0,21126445.74351858,1
540,2018-05-02 01:47:55,9867000,9850000.0,4282915.7405473385,0
541,2018-05-02 01:50:52,9874000,9853000.0,2698634.810702108,0
542,2018-05-02 01:50:56,9875000,9853500.0,2010171.2179252803,0
543,2018-05-02 01:51:00,9877000,9854500.0,1199517.500687953,0
544,2018-05-02 01:53:34,9880000,9864500.0,3026862.2064542174,0
545,2018-05-02 01:54:43,9884000,9868000.0,7007407.825951915,1
546,2018-05-02 02:02:01,9890000,9876500.0,12416743.529317219,1
547,2018-05-02 02:18:36,9857000,9840000.0,-4958398.364220846,0
548,2018-05-02 02:23:08,9865000,9848000.0,-3355304.5984803513,0
549,2018-05-02 02:23:09,9865000,9848000.0,-3502687.907664762,0
550,2018-05-02 02:23:12,9869000,9850000.0,-3922384.061801606,0
551,2018-05-02 02:30:45,9870000,9852000.0,272260.9319511801,0
552,2018-05-02 02:30:46,9870000,9860000.0,124712.7692467589,0
553,2018-05-02 02:34:19,9871000,9858500.0,-1896464.322888516,1
554,2018-05-02 02:41:24,9888000,9871000.0,-3398100.1869554305,1
555,2018-05-02 02:41:28,9887000,9870000.0,-3003305.794167703,1
556,2018-05-02 02:51:33,9900000,9879500.0,7923843.144328341,0
557,2018-05-02 02:51:33,9900000,9879500.0,7923843.144328341,0
558,2018-05-02 02:53:23,9898000,9882500.0,2722082.501391651,1
559,2018-05-02 02:54:18,9894000,9876500.0,2323991.5770393237,0
560,2018-05-02 02:55:11,9895000,9878000.0,2234150.3903418146,0
561,2018-05-02 03:28:00,9872000,9861500.0,4251483.361491878,1
562,2018-05-02 03:28:00,9872000,9861500.0,4251483.361491878,1
563,2018-05-02 03:28:10,9872000,9858500.0,2221067.641248528,1
564,2018-05-02 03:30:05,9866000,9852500.0,4093384.227314649,1
565,2018-05-02 03:30:48,9879000,9859500.0,2493235.476084333,0
566,2018-05-02 03:30:48,9879000,9859500.0,2493235.476084333,0
567,2018-05-02 03:30:52,9896000,9870000.0,5066595.193180647,0
568,2018-05-02 03:33:31,9880000,9860000.0,9548501.79929554,0
569,2018-05-02 04:58:34,9861000,9847500.0,10366048.068770416,1
570,2018-05-02 05:02:16,9869000,9855000.0,11066021.426796444,1
571,2018-05-02 05:07:47,9868000,9852000.0,4108076.8416445665,1
572,2018-05-02 05:12:02,9878000,9863000.0,12275848.289831989,0
573,2018-05-02 05:12:06,9878000,9863500.0,12259350.268000118,0
574,2018-05-02 05:12:10,9879000,9864500.0,12572315.392811455,0
575,2018-05-02 05:16:54,9876000,9862000.0,10272969.122780759,1
576,2018-05-02 05:19:57,9883000,9866500.0,12810216.716265388,0
577,2018-05-02 05:21:15,9890000,9873000.0,26450557.04534944,1
578,2018-05-02 05:26:20,9889000,9874500.0,12742879.986544095,1
579,2018-05-02 05:29:39,9895000,9877000.0,31666394.336906552,0
580,2018-05-02 05:31:01,9898000,9880500.0,30816625.43998643,1
581,2018-05-02 05:33:06,9896000,9886000.0,13025951.798136711,1
582,2018-05-02 05:36:39,9893000,9879000.0,13549301.687020428,0
583,2018-05-02 05:37:41,9914000,9895500.0,17279216.6564278,1
584,2018-05-02 05:46:37,9887000,9884000.0,14057898.09073975,0
585,2018-05-02 05:49:49,9902000,9886500.0,14069187.093053982,0
586,2018-05-02 06:01:21,9934000,9917500.0,538421.6967369374,0
587,2018-05-02 06:03:53,9934000,9923000.0,97879.49930092506,0
588,2018-05-02 06:15:34,9934000,9922500.0,1635380.162505567,1
589,2018-05-02 06:17:16,9946000,9932000.0,4572447.981020184,0
590,2018-05-02 06:17:48,9934000,9921000.0,2613413.443586981,1
591,2018-05-02 06:17:55,9935000,9921000.0,3303169.17659775,0
592,2018-05-02 06:17:55,9935000,9921000.0,3303169.17659775,0
593,2018-05-02 06:17:55,9935000,9921000.0,3303169.17659775,0
594,2018-05-02 06:17:56,9935000,9925000.0,3431948.519023007,0
595,2018-05-02 06:17:56,9935000,9925000.0,3431948.519023007,0
596,2018-05-02 06:17:59,9943000,9932000.0,2795561.127715079,0
597,2018-05-02 06:18:56,9948000,9931500.0,2263494.280775143,1
598,2018-05-02 06:19:09,9950000,9937500.0,2959113.8260266837,1
599,2018-05-02 06:20:58,9948000,9935000.0,8649539.673659638,0
600,2018-05-02 06:22:10,9960000,9944000.0,-1478391.7171096466,0
601,2018-05-02 06:22:36,9960000,9943500.0,-2726851.27327027,0
602,2018-05-02 06:26:04,9960000,9945000.0,19224912.310467485,1
603,2018-05-02 06:26:04,9960000,9945000.0,19224912.310467485,1
604,2018-05-02 06:26:04,9960000,9945000.0,19224912.310467485,1
605,2018-05-02 06:26:04,9960000,9945000.0,19224912.310467485,1
606,2018-05-02 06:26:13,9949000,9939000.0,17957651.641823437,1
607,2018-05-02 06:27:12,9953000,9938000.0,12355123.509185903,0
608,2018-05-02 06:29:11,9963000,9947500.0,10297561.500972334,1
609,2018-05-02 06:29:54,9957000,9943000.0,5000646.896833586,1
610,2018-05-02 06:31:47,9955000,9940500.0,14225406.437115528,1
611,2018-05-02 06:33:32,9969000,9963000.0,-3299202.6919517713,0
612,2018-05-02 06:34:22,9977000,9962500.0,2583288.6769965086,1
613,2018-05-02 06:42:35,9942000,9929000.0,-4590086.336554145,0
614,2018-05-02 06:43:04,9931000,9928500.0,-102909.55728490278,0
615,2018-05-02 06:43:13,9925000,9920500.0,-683013.6162478421,0
616,2018-05-02 06:43:13,9925000,9920500.0,-683013.6162478421,0
617,2018-05-02 06:45:10,9952000,9926000.0,-1043303.2772862501,1
618,2018-05-02 06:58:08,9936000,9919000.0,4032262.3820161466,1
619,2018-05-02 07:00:19,9931000,9916500.0,5233753.217317279,0
620,2018-05-02 07:02:49,9939000,9928500.0,3678542.8010084946,0
621,2018-05-02 07:06:17,9940000,9928000.0,8653501.894732222,1
622,2018-05-02 07:27:44,9906000,9896500.0,-3589697.310588956,0
623,2018-05-02 07:28:47,9913000,9901000.0,-3598156.824124908,0
624,2018-05-02 07:30:44,9914000,9898000.0,-3389374.8215448987,0
625,2018-05-02 07:33:48,9904000,9893000.0,-4009139.608517387,1
626,2018-05-02 07:35:16,9928000,9911500.0,-2494291.273489748,0
627,2018-05-02 07:41:23,9904000,9891500.0,9003076.1643615,1
628,2018-05-02 07:41:23,9904000,9891500.0,9003076.1643615,1
629,2018-05-02 07:41:23,9904000,9891500.0,9003076.1643615,1
630,2018-05-02 07:41:27,9900000,9888500.0,17143401.880811017,1
631,2018-05-02 07:41:27,9900000,9888500.0,17143401.880811017,1
632,2018-05-02 07:41:27,9900000,9888500.0,17143401.880811017,1
633,2018-05-02 07:44:52,9897000,9886000.0,6685382.786247065,0
634,2018-05-02 07:45:51,9912000,9894500.0,3301977.1908734683,0
635,2018-05-02 07:52:39,9903000,9894500.0,971248.0154150594,1
636,2018-05-02 08:02:24,9882000,9883500.0,1229894.9594795834,1
637,2018-05-02 08:02:27,9882000,9857000.0,997651.8830131665,1
638,2018-05-02 08:14:18,9898000,9879500.0,11613076.334197365,1
639,2018-05-02 08:14:23,9896000,9881500.0,10173123.482029043,1
640,2018-05-02 08:14:27,9889000,9872500.0,11148038.66948251,1
641,2018-05-02 08:18:29,9908000,9894500.0,12610541.884760574,1
642,2018-05-02 08:19:13,9909000,9884500.0,18551994.384582665,1
643,2018-05-02 08:30:51,9909000,9885000.0,11416796.807264663,1
644,2018-05-02 08:35:04,9902000,9890500.0,26934308.488959722,1
645,2018-05-02 08:35:10,9900000,9888500.0,25158760.062872536,1
646,2018-05-02 08:40:35,9911000,9895500.0,34894419.607743405,0
647,2018-05-02 08:44:00,9926000,9908000.0,25381101.948513858,0
648,2018-05-02 08:45:03,9929000,9912000.0,13051858.758473534,1
649,2018-05-02 09:09:10,9930000,9915000.0,5066793.93877108,0
650,2018-05-02 09:10:12,9941000,9924000.0,6219281.326782083,0
651,2018-05-02 09:10:13,9941000,9923500.0,6951214.82268085,0
652,2018-05-02 09:10:13,9941000,9923500.0,6951214.82268085,0
653,2018-05-02 09:11:30,9943000,9930500.0,3012088.7343072966,1
654,2018-05-02 09:11:43,9947000,9930500.0,8236746.220658485,1
655,2018-05-02 09:17:26,9955000,9936000.0,9345429.28437648,1
656,2018-05-02 09:19:24,9954000,9937000.0,941810.1512594204,1
657,2018-05-02 09:19:43,9944000,9931000.0,7096914.914746277,1
658,2018-05-02 09:52:49,9901000,9888500.0,-1696098.2954717893,0
659,2018-05-02 09:53:28,9907000,9890500.0,23814272.820767738,1
660,2018-05-02 09:56:39,9917000,9907500.0,12287779.188891128,1
661,2018-05-02 09:56:46,9916000,9905000.0,9667129.870089125,1
662,2018-05-02 10:01:55,9913000,9896500.0,31412054.048427366,1
663,2018-05-02 10:02:11,9912000,9900000.0,19887251.65546893,1
664,2018-05-02 10:05:18,9887000,9874500.0,6991626.763674229,1
665,2018-05-02 10:09:09,9883000,9871500.0,6286285.751261177,1
666,2018-05-02 10:09:40,9873000,9856500.0,1844497.5380400568,1
667,2018-05-02 10:11:37,9864000,9847000.0,-839123.3289373927,1
668,2018-05-02 10:11:41,9865000,9846500.0,-1061597.2777925003,1
669,2018-05-02 10:23:11,9860000,9846500.0,910991.545979619,1
670,2018-05-02 10:24:10,9840000,9832500.0,-350639.18320443295,1
671,2018-05-02 10:24:10,9840000,9832500.0,-350639.18320443295,1
672,2018-05-02 10:24:10,9840000,9832500.0,-350639.18320443295,1
673,2018-05-02 10:24:10,9840000,9832500.0,-350639.18320443295,1
674,2018-05-02 10:24:10,9840000,9832500.0,-350639.18320443295,1
675,2018-05-02 10:25:23,9837000,9832000.0,-1011702.5340446234,0
676,2018-05-02 10:25:35,9837000,9831500.0,-1028447.4163148217,0
677,2018-05-02 10:27:11,9840000,9829000.0,-38616.01590235345,0
678,2018-05-02 10:27:48,9834000,9827000.0,53812.49254119769,0
679,2018-05-02 10:37:15,9853000,9858500.0,-3693503.6314655663,1
680,2018-05-02 10:38:46,9857000,9843000.0,-4691153.485183891,0
681,2018-05-02 10:43:39,9870000,9856000.0,-2672621.451611139,1
682,2018-05-02 10:48:34,9878000,9865000.0,12301343.068392042,0
683,2018-05-02 10:48:34,9878000,9865000.0,12301343.068392042,0
684,2018-05-02 10:48:37,9881000,9866000.0,13460979.02472493,0
685,2018-05-02 10:48:37,9881000,9866000.0,13460979.02472493,0
686,2018-05-02 10:48:37,9881000,9866000.0,13460979.02472493,0
687,2018-05-02 10:48:41,9881000,9861500.0,13593281.665422764,0
688,2018-05-02 10:48:45,9882000,9864000.0,13173016.64506074,0
689,2018-05-02 10:48:50,9889000,9869000.0,12174179.41580848,0
690,2018-05-02 10:48:51,9889000,9871000.0,14277759.624400165,0
691,2018-05-02 10:48:51,9889000,9871000.0,14277759.624400165,0
692,2018-05-02 10:48:51,9889000,9871000.0,14277759.624400165,0
693,2018-05-02 10:48:55,9888000,9868500.0,11978985.05615763,0
694,2018-05-02 10:48:55,9888000,9868500.0,11978985.05615763,0
695,2018-05-02 11:01:45,9896000,9883000.0,8870056.592852425,1
696,2018-05-02 11:05:57,9890000,9911500.0,14146777.38887547,0
697,2018-05-02 11:09:25,9885000,9896000.0,2817446.887868285,1
698,2018-05-02 11:09:25,9885000,9896000.0,2817446.887868285,1
699,2018-05-02 11:09:26,9885000,9896000.0,2818205.7460718527,1
700,2018-05-02 11:09:26,9885000,9896000.0,2818205.7460718527,1
701,2018-05-02 11:09:33,9884000,9887000.0,-3259711.913991724,1
702,2018-05-02 11:13:51,9891000,9878000.0,-2850759.68601246,0
703,2018-05-02 11:13:56,9886000,9874500.0,-2822195.7414577333,0
704,2018-05-02 11:14:00,9889000,9874000.0,-3065739.3715037927,0
705,2018-05-02 11:14:09,9890000,9878500.0,-2953217.742252956,0
706,2018-05-02 11:15:55,9897000,9881000.0,-699979.744750645,1
707,2018-05-02 11:16:33,9877000,9873500.0,-3545634.3530592835,0
708,2018-05-02 11:16:39,9875000,9872500.0,-3362135.492964172,0
709,2018-05-02 11:20:03,9876000,9871500.0,-4153496.3530009137,0
710,2018-05-02 11:20:49,9868000,9863500.0,899861.1312805954,1
711,2018-05-02 11:24:49,9862000,9845000.0,-3360798.132484033,0
712,2018-05-02 11:25:59,9864000,9852000.0,-2475841.5210381625,0
713,2018-05-02 11:38:19,9891000,9878500.0,17758707.824682288,1
714,2018-05-02 11:38:20,9891000,9880000.0,18774006.44332687,1
715,2018-05-02 11:38:23,9897000,9881500.0,17674380.250895195,1
716,2018-05-02 11:44:58,9890000,9880500.0,1945881.630934095,1
717,2018-05-02 11:45:32,9887000,9875500.0,-802561.7545578536,1
718,2018-05-02 11:56:11,9897000,9883000.0,962613.5718996637,1
719,2018-05-02 12:21:05,9874000,9875000.0,-4785455.9057838665,0
720,2018-05-02 12:21:05,9874000,9875000.0,-4785455.9057838665,0
721,2018-05-02 12:21:24,9880000,9866500.0,-5177333.345755569,0
722,2018-05-02 12:21:24,9880000,9866500.0,-5177333.345755569,0
723,2018-05-02 12:21:24,9880000,9866500.0,-5177333.345755569,0
724,2018-05-02 12:26:32,9890000,9878000.0,-5132515.947685225,0
725,2018-05-02 12:33:31,9906000,9894000.0,20424859.66685649,1
726,2018-05-02 12:38:38,9914000,9897000.0,5962195.942508243,1
727,2018-05-02 12:45:57,9913000,9905500.0,5534566.036692504,1
728,2018-05-02 12:46:01,9911000,9902500.0,2856489.4729249272,1
729,2018-05-02 12:53:24,9906000,9899500.0,23301719.142656446,1
730,2018-05-02 12:53:24,9906000,9899500.0,23301719.142656446,1
731,2018-05-02 12:53:30,9905000,9899000.0,21613348.033901587,1
732,2018-05-02 12:57:52,9913000,9908000.0,16853757.138150908,1
733,2018-05-02 14:19:54,9962000,9945000.0,-3469516.2278280845,0
734,2018-05-02 14:19:54,9962000,9945000.0,-3469516.2278280845,0
735,2018-05-02 14:20:16,9959000,9947000.0,-3115812.0522776023,1
736,2018-05-02 14:47:44,9950000,9936500.0,-5223297.96519999,0
737,2018-05-02 14:47:44,9950000,9936500.0,-5223297.96519999,0
738,2018-05-02 14:47:44,9950000,9936500.0,-5223297.96519999,0
739,2018-05-02 14:47:44,9950000,9936500.0,-5223297.96519999,0
740,2018-05-02 14:49:28,9951000,9939500.0,-5676357.610248965,1
741,2018-05-02 14:49:43,9953000,9939500.0,-5580856.039926397,1
742,2018-05-02 14:50:03,9948000,9934500.0,-5287580.981707961,1
743,2018-05-02 14:50:07,9952000,9936000.0,-5423787.622134242,1
744,2018-05-02 14:51:58,9946000,9934500.0,-4899372.292155415,1
745,2018-05-02 14:51:58,9946000,9934500.0,-4899372.292155415,1
746,2018-05-02 14:52:26,9941000,9933000.0,-5101446.837834828,1
747,2018-05-02 14:52:55,9940000,9930500.0,-4804025.672842136,1
748,2018-05-02 15:01:52,9915000,9897000.0,28770873.11197515,0
749,2018-05-02 15:03:13,9933000,9898500.0,-4178588.8831110373,0
750,2018-05-02 15:03:22,9923000,9901500.0,-4042682.685382421,0
751,2018-05-02 15:03:23,9923000,9901500.0,-4148196.9715551957,0
752,2018-05-02 15:03:27,9918000,9898500.0,-4106469.0408039885,0
753,2018-05-02 15:04:32,9919000,9903000.0,1738314.456574574,0
754,2018-05-02 15:07:58,9932000,9923000.0,-2424646.9254267532,1
755,2018-05-02 15:08:19,9930000,9913500.0,-2795343.2752943933,1
756,2018-05-02 15:14:42,9943000,9931000.0,21947617.98640594,1
757,2018-05-02 15:14:55,9945000,9934000.0,14920254.366787232,1
758,2018-05-02 15:14:59,9943000,9932500.0,3035010.5604738276,1
759,2018-05-02 15:44:35,9960000,9944000.0,2162605.271544561,0
760,2018-05-02 15:53:03,9981000,9967000.0,-221969.12655599602,1
761,2018-05-02 15:54:02,9973000,9957000.0,-2941101.5438463977,1
762,2018-05-02 15:54:02,9973000,9957000.0,-2941101.5438463977,1
763,2018-05-02 15:54:05,9971000,9954500.0,-3132214.29690961,1
764,2018-05-02 15:54:05,9971000,9954500.0,-3132214.29690961,1
765,2018-05-02 15:54:05,9971000,9954500.0,-3132214.29690961,1
766,2018-05-02 15:54:09,9970000,9956000.0,-2823407.848547793,1
767,2018-05-02 15:59:44,9991000,9973000.0,-4548465.169758623,0
768,2018-05-02 15:59:44,9991000,9973000.0,-4548465.169758623,0
769,2018-05-02 16:02:17,9992000,9972000.0,-3978022.5067536077,1
770,2018-05-02 16:02:52,9989000,9973000.0,-3202304.815333414,1
771,2018-05-02 16:02:52,9989000,9973000.0,-3202304.815333414,1
772,2018-05-02 16:02:56,9987000,9972500.0,-3081915.6288772505,1
773,2018-05-02 16:03:10,9985000,9968500.0,-2800018.5718765976,1
774,2018-05-02 16:05:21,9977000,9958000.0,-4624378.704743386,1
775,2018-05-02 16:24:36,9983000,9977500.0,2204450.5514882877,0
776,2018-05-02 16:25:12,9979000,9972500.0,8180856.737285543,1
777,2018-05-02 16:25:16,9982000,9973000.0,6775736.967757933,1
778,2018-05-02 16:37:56,10000000,9987500.0,15789532.020730771,0
779,2018-05-02 16:37:56,10000000,9987500.0,15789532.020730771,0
780,2018-05-02 16:37:56,10000000,9987500.0,15789532.020730771,0
781,2018-05-02 16:37:56,10000000,9987500.0,15789532.020730771,0
782,2018-05-02 16:37:56,10000000,9987500.0,15789532.020730771,0
783,2018-05-02 16:37:56,10000000,9987500.0,15789532.020730771,0
784,2018-05-02 16:38:18,10003000,9991000.0,13703820.4576842,0
785,2018-05-02 16:41:35,9993000,9982500.0,3875586.6071325038,1
786,2018-05-02 16:43:39,9985000,9973500.0,7033021.915064175,1
787,2018-05-02 16:48:52,9994000,9981000.0,7093135.015322715,1
788,2018-05-02 17:10:22,9989000,9978000.0,2470838.4082722664,0
789,2018-05-02 17:10:29,9989000,9978000.0,3692677.740629958,0
790,2018-05-02 17:10:33,9990000,9978500.0,3061713.3911885694,0
791,2018-05-02 17:18:16,9986000,9972500.0,4953150.460641405,1
792,2018-05-02 17:31:29,9956000,9940500.0,12428380.519806888,1
793,2018-05-02 17:36:32,9975000,9959500.0,4929444.182020895,1
794,2018-05-02 17:43:57,9968000,9958500.0,6663203.826397397,1
795,2018-05-02 17:43:57,9968000,9958500.0,6663203.826397397,1
796,2018-05-02 17:48:27,9963000,9949500.0,1207281.650215635,1
797,2018-05-02 17:48:27,9963000,9949500.0,1207281.650215635,1
798,2018-05-02 17:48:27,9963000,9949500.0,1207281.650215635,1
799,2018-05-02 17:48:27,9963000,9949500.0,1207281.650215635,1
800,2018-05-02 17:55:36,9973000,9957500.0,1945934.770886181,0
801,2018-05-02 17:58:29,9970000,9956500.0,6351445.516416576,1
802,2018-05-02 17:58:34,9969000,9956500.0,6716288.024625739,1
803,2018-05-02 17:58:34,9969000,9956500.0,6716288.024625739,1
804,2018-05-02 18:03:04,9985000,9969000.0,3838593.658226412,0
805,2018-05-02 18:03:14,9985000,9968000.0,4004205.0539118536,1
806,2018-05-02 18:03:18,9979000,9967500.0,3725450.6420011986,1
807,2018-05-02 18:07:32,9963000,9948000.0,23977101.451448143,0
808,2018-05-02 18:13:50,9961000,9951500.0,33507836.587598853,1
809,2018-05-02 18:14:42,9961000,9945500.0,27851371.76583004,0
810,2018-05-02 18:14:42,9961000,9945500.0,27851371.76583004,0
811,2018-05-02 18:14:46,9962000,9947500.0,25568435.615563557,0
812,2018-05-02 18:24:06,9975000,9960500.0,7771886.318023477,1
813,2018-05-02 18:29:26,9967000,9956500.0,15403376.002860062,1
814,2018-05-02 18:31:40,9972000,9961000.0,8179971.394285735,1
815,2018-05-02 18:32:51,9973000,9960000.0,13949517.604737137,0
816,2018-05-02 18:35:34,9988000,9970500.0,3345654.230320379,1
817,2018-05-02 18:36:19,9993000,9976500.0,2977830.2838734183,1
818,2018-05-02 18:43:17,10009000,9998000.0,-2023420.3953466872,1
819,2018-05-02 18:46:51,10002000,9992000.0,-2455389.9597559394,0
820,2018-05-02 18:50:31,9993000,9981500.0,4476886.610797839,1
821,2018-05-02 19:08:02,10020000,10003000.0,17105691.540946007,0
822,2018-05-02 19:08:02,10020000,10003000.0,17105691.540946007,0
823,2018-05-02 19:08:02,10020000,10003000.0,17105691.540946007,0
824,2018-05-02 19:10:34,10019000,10009000.0,2379704.5931110587,1
825,2018-05-02 19:11:01,10023000,10009000.0,-2036709.5278414218,0
826,2018-05-02 19:11:20,10017000,10004000.0,3054561.148481995,1
827,2018-05-02 19:12:56,10028000,10016000.0,-3862541.7964647627,0
828,2018-05-02 19:14:31,10040000,10025500.0,-3428951.4799732137,1
829,2018-05-02 19:14:32,10039000,10022000.0,-3180427.836142022,1
830,2018-05-02 19:26:02,10012000,10000000.0,505186.61202820763,0
831,2018-05-02 19:28:21,10002000,9990500.0,50380795.94206775,0
832,2018-05-02 19:29:40,10005000,9993000.0,31813701.984752223,1
833,2018-05-02 19:36:36,10014000,10000500.0,32400853.070225433,1
834,2018-05-02 19:36:36,10014000,10000500.0,32400853.070225433,1
835,2018-05-02 19:36:50,10019000,10002500.0,7459110.825611152,0
836,2018-05-02 19:38:25,10018000,10005500.0,-2044639.0196004808,0
837,2018-05-02 19:40:00,10027000,10012000.0,1404715.885857487,1
838,2018-05-02 19:45:33,9999000,9987000.0,5491339.945393955,0
839,2018-05-02 19:45:34,9999000,9987000.0,4110528.74903287,0
840,2018-05-02 19:46:59,10000000,9989500.0,1015059.1987766083,0
841,2018-05-02 19:53:48,9979000,9969000.0,-139247.2564840652,1
842,2018-05-02 19:53:53,9980000,9967500.0,-1483785.7554807197,1
843,2018-05-02 19:53:56,9981000,9967500.0,-1579198.5107276216,1
844,2018-05-02 19:54:05,9981000,9968500.0,-1309765.2585749682,1
845,2018-05-02 19:54:16,9986000,9970500.0,-1123034.832293477,1
846,2018-05-02 19:57:45,10003000,9987500.0,-1645799.4101116117,0
847,2018-05-02 19:57:45,10003000,9987500.0,-1645799.4101116117,0
848,2018-05-02 19:57:45,10003000,9987500.0,-1645799.4101116117,0
849,2018-05-02 20:05:39,10011000,9999500.0,2300024.318709666,1
850,2018-05-02 20:08:17,10016000,10004000.0,-2549653.9881420815,1
851,2018-05-02 20:10:59,10013000,10003500.0,-2426620.2643715115,1
852,2018-05-02 20:11:05,10011000,10002500.0,-2443951.5005320963,1
853,2018-05-02 20:11:11,10011000,9998500.0,1596316.1908919625,1
854,2018-05-02 20:17:29,10000000,9985000.0,11024980.91899895,0
855,2018-05-02 20:21:11,9993000,9982000.0,9949585.892595991,1
856,2018-05-02 20:21:11,9993000,9982000.0,9949585.892595991,1
857,2018-05-02 21:00:27,10018000,9998500.0,2853300.0362457316,0
858,2018-05-02 21:00:27,10018000,9998500.0,2853300.0362457316,0
859,2018-05-02 21:00:38,10014000,9997000.0,2333906.746444963,0
860,2018-05-02 21:01:00,10009000,10000500.0,1253883.5576850567,1
861,2018-05-02 21:01:00,10008000,10000500.0,1253883.5576850567,1
862,2018-05-02 21:32:22,9956000,9944500.0,21498443.38503946,0
863,2018-05-02 21:43:07,9974000,9964500.0,16589025.954778962,1
864,2018-05-02 21:50:35,9966000,9952500.0,1076308.6422216818,0
865,2018-05-02 21:51:40,9963000,9964500.0,3799109.8743601777,1
866,2018-05-02 21:53:48,9931000,9922000.0,15080788.495719563,0
867,2018-05-02 21:54:57,9930000,9919000.0,10260746.248276394,0
868,2018-05-02 21:56:47,9936000,9927000.0,23341370.25914796,1
869,2018-05-02 21:56:47,9936000,9927000.0,23341370.25914796,1
870,2018-05-02 21:56:51,9938000,9927000.0,21060653.19618207,1
871,2018-05-02 22:01:23,9947000,9934000.0,2722959.090070432,1
872,2018-05-02 22:01:27,9944000,9934000.0,4430256.035148103,1
873,2018-05-02 22:06:16,9921000,9905500.0,5385456.331673538,0
874,2018-05-02 22:07:29,9935000,9919000.0,5776438.522183338,1
875,2018-05-02 22:11:28,9939000,9923000.0,-3783139.8260510825,0
876,2018-05-02 22:11:50,9937000,9923000.0,-3128591.399555878,1
877,2018-05-02 22:15:46,9904000,9899000.0,15149625.40470184,0
878,2018-05-02 22:15:51,9918000,9903000.0,14660609.565042581,1
879,2018-05-02 22:17:05,9922000,9928500.0,34770772.40623852,0
880,2018-05-02 22:18:57,9920000,9933500.0,14825174.817875747,0
881,2018-05-02 22:21:44,9934000,9918500.0,-576575.8605794515,0
882,2018-05-02 22:21:44,9934000,9918500.0,-576575.8605794515,0
883,2018-05-02 22:21:48,9936000,9919500.0,-1033065.2898129188,0
884,2018-05-02 22:21:48,9936000,9919500.0,-1033065.2898129188,0
885,2018-05-02 22:21:48,9936000,9919500.0,-1033065.2898129188,0
886,2018-05-02 22:21:55,9948000,9931000.0,1192004.9361965097,0
887,2018-05-02 22:22:02,9947000,9924000.0,664096.3418611046,0
888,2018-05-02 22:22:46,9946000,9929000.0,1963268.734487066,1
889,2018-05-02 22:23:44,9937000,9924500.0,28998026.511510976,1
890,2018-05-02 22:30:50,9942000,9932500.0,45846634.25338783,0
891,2018-05-02 22:34:56,9951000,9944500.0,10863364.389766742,0
892,2018-05-02 22:35:00,9947000,9937000.0,12440016.131226037,0
893,2018-05-02 22:36:54,9946000,9937000.0,1798460.4518644512,0
894,2018-05-02 22:44:44,9944000,9937000.0,3026883.3125853725,1
895,2018-05-02 22:49:28,9939000,9935500.0,2703027.134551648,0
896,2018-05-02 22:51:30,9971000,9947500.0,4084007.397429621,1
897,2018-05-02 23:07:30,9952000,9940000.0,453762.3326012045,0
898,2018-05-02 23:09:15,9949000,9938500.0,1676042.6221257374,1
899,2018-05-02 23:17:27,9954000,9942000.0,2493028.3401516043,0
900,2018-05-02 23:17:27,9954000,9942000.0,2493028.3401516043,0
901,2018-05-02 23:18:17,9957000,9945500.0,5017563.077471942,1
902,2018-05-02 23:28:01,9968000,9958500.0,1204791.3100470193,1
903,2018-05-02 23:28:09,9968000,9959000.0,1316856.2483489346,1
904,2018-05-02 23:28:13,9967000,9956500.0,2567715.955217423,1
905,2018-05-02 23:40:23,9966000,9953000.0,9848232.320579026,0
906,2018-05-02 23:41:01,9964000,9952000.0,4529119.848353703,0
907,2018-05-02 23:41:17,9958000,9948000.0,9096161.111053932,0
908,2018-05-02 23:47:48,9963000,9952500.0,2491554.6535371672,0
909,2018-05-02 23:48:59,9959000,9949500.0,18119043.59338941,0
910,2018-05-02 23:49:59,9960000,9950000.0,16342133.249400795,0
911,2018-05-02 23:54:41,9947000,9934500.0,6221883.586136751,0
